case_id,review_type,status_stale,missing_support_reference,cross_channel_mismatch,missed_permitted_update,repeat_contacts_7d,communication_exception
K-0001,manual_review,0,0,1,0,0,1
K-0002,scheduled_hold,0,0,0,1,1,1
K-0003,scheduled_hold,0,0,0,0,0,0
K-0004,scheduled_hold,0,0,0,0,0,0
K-0005,manual_review,0,0,0,0,0,0
K-0006,transient_display,0,0,0,0,0,0
K-0007,scheduled_hold,0,0,0,0,0,0
K-0008,scheduled_hold,0,0,0,0,0,0
K-0009,scheduled_hold,0,0,0,0,0,0
K-0010,scheduled_hold,0,0,0,0,0,0
K-0011,scheduled_hold,0,0,0,0,1,0
K-0012,manual_review,0,0,0,0,0,0
K-0013,manual_review,0,0,0,0,0,0
K-0014,transient_display,0,0,0,0,0,0
K-0015,manual_review,0,0,0,0,0,0
K-0016,scheduled_hold,0,0,0,0,0,0
K-0017,manual_review,0,0,0,0,0,0
K-0018,scheduled_hold,0,0,0,0,0,0
K-0019,manual_review,0,0,0,0,0,0
K-0020,manual_review,0,0,0,0,0,0
K-0021,manual_review,0,0,0,0,1,0
K-0022,scheduled_hold,0,0,0,0,0,0
K-0023,manual_review,0,0,0,0,0,0
K-0024,manual_review,0,0,0,1,1,1
K-0025,manual_review,0,1,0,0,2,1
K-0026,transient_display,1,0,1,0,0,1
K-0027,scheduled_hold,0,0,0,0,0,0
K-0028,scheduled_hold,0,0,0,0,0,0
K-0029,scheduled_hold,0,0,0,0,0,0
K-0030,manual_review,0,0,0,0,0,0
K-0031,manual_review,0,0,1,0,0,1
K-0032,transient_display,0,0,0,0,1,0
K-0033,transient_display,1,0,0,0,1,1
K-0034,scheduled_hold,0,0,0,0,0,0
K-0035,scheduled_hold,0,0,0,0,0,0
K-0036,transient_display,0,0,0,0,0,0
K-0037,scheduled_hold,0,0,0,0,1,0
K-0038,manual_review,1,0,1,0,0,1
K-0039,manual_review,0,0,1,0,0,1
K-0040,transient_display,0,0,0,0,0,0
K-0041,scheduled_hold,0,0,0,0,2,0
K-0042,transient_display,0,1,0,0,1,1
K-0043,manual_review,0,0,0,1,1,1
K-0044,transient_display,0,0,1,0,2,1
K-0045,transient_display,0,0,0,0,0,0
K-0046,manual_review,1,0,0,1,1,1
K-0047,scheduled_hold,0,0,0,0,0,0
K-0048,transient_display,0,0,1,0,0,1
K-0049,scheduled_hold,0,0,0,0,0,0
K-0050,transient_display,0,0,1,0,0,1
K-0051,scheduled_hold,0,0,0,0,0,0
K-0052,manual_review,0,0,0,0,0,0
K-0053,manual_review,0,1,0,0,0,1
K-0054,scheduled_hold,0,0,0,0,0,0
K-0055,manual_review,0,0,1,1,1,1
K-0056,scheduled_hold,0,0,0,0,0,0
K-0057,manual_review,0,0,0,0,1,0
K-0058,manual_review,0,1,0,0,0,1
K-0059,scheduled_hold,0,0,0,0,0,0
K-0060,scheduled_hold,0,0,0,0,0,0
K-0061,scheduled_hold,0,0,0,0,1,0
K-0062,scheduled_hold,0,0,0,0,0,0
K-0063,scheduled_hold,0,0,0,0,0,0
K-0064,scheduled_hold,0,0,0,0,0,0
K-0065,scheduled_hold,0,0,0,0,0,0
K-0066,scheduled_hold,0,0,0,1,0,1
K-0067,scheduled_hold,0,0,0,0,0,0
K-0068,manual_review,0,0,0,1,1,1
K-0069,scheduled_hold,0,0,0,0,1,0
K-0070,manual_review,1,0,1,0,1,1
K-0071,manual_review,0,0,0,0,0,0
K-0072,scheduled_hold,0,0,0,0,0,0
K-0073,manual_review,1,0,0,0,0,1
K-0074,scheduled_hold,0,0,0,1,1,1
K-0075,scheduled_hold,0,0,0,0,1,0
K-0076,scheduled_hold,0,0,0,0,0,0
K-0077,manual_review,0,0,0,1,1,1
K-0078,manual_review,0,0,0,0,0,0
K-0079,scheduled_hold,0,0,0,0,0,0
K-0080,manual_review,0,0,1,0,1,1
K-0081,manual_review,0,0,0,0,0,0
K-0082,manual_review,0,0,0,1,0,1
K-0083,manual_review,0,0,1,0,2,1
K-0084,scheduled_hold,0,0,0,0,0,0
K-0085,scheduled_hold,0,0,0,0,0,0
K-0086,transient_display,1,0,0,0,0,1
K-0087,scheduled_hold,0,0,0,0,0,0
K-0088,manual_review,0,0,0,0,0,0
K-0089,transient_display,0,0,0,0,0,0
K-0090,scheduled_hold,0,0,0,0,0,0
K-0091,manual_review,0,0,0,0,0,0
K-0092,manual_review,1,0,1,0,1,1
K-0093,manual_review,0,0,0,0,0,0
K-0094,scheduled_hold,0,0,0,0,0,0
K-0095,transient_display,0,0,0,0,0,0
K-0096,manual_review,0,0,0,0,0,0
K-0097,manual_review,0,1,1,0,0,1
K-0098,scheduled_hold,0,0,0,0,0,0
K-0099,manual_review,0,0,0,0,1,0
K-0100,manual_review,0,0,0,0,1,0
K-0101,manual_review,0,0,1,1,0,1
K-0102,manual_review,0,0,0,0,0,0
K-0103,manual_review,0,0,0,0,1,0
K-0104,manual_review,1,0,0,0,1,1
K-0105,transient_display,0,0,0,1,0,1
K-0106,manual_review,0,0,0,0,0,0
K-0107,scheduled_hold,0,1,0,0,1,1
K-0108,manual_review,0,0,0,1,2,1
K-0109,manual_review,0,1,0,0,1,1
K-0110,scheduled_hold,0,0,0,0,1,0
K-0111,scheduled_hold,0,0,0,0,0,0
K-0112,transient_display,0,0,0,0,0,0
K-0113,scheduled_hold,0,0,0,0,1,0
K-0114,scheduled_hold,0,0,0,0,0,0
K-0115,scheduled_hold,0,0,0,0,0,0
K-0116,scheduled_hold,0,0,0,0,0,0
K-0117,scheduled_hold,0,0,0,0,0,0
K-0118,scheduled_hold,0,0,0,0,0,0
K-0119,manual_review,0,0,0,0,0,0
K-0120,manual_review,0,0,1,0,0,1
K-0121,scheduled_hold,0,0,0,0,0,0
K-0122,manual_review,0,0,1,0,0,1
K-0123,scheduled_hold,0,0,1,0,0,1
K-0124,scheduled_hold,0,0,0,0,0,0
K-0125,scheduled_hold,0,0,0,0,1,0
K-0126,manual_review,0,0,0,0,0,0
K-0127,manual_review,1,0,0,0,2,1
K-0128,scheduled_hold,0,0,0,0,0,0
K-0129,manual_review,0,0,0,1,1,1
K-0130,transient_display,0,0,0,0,0,0
K-0131,scheduled_hold,1,0,0,0,1,1
K-0132,scheduled_hold,0,0,0,0,0,0
K-0133,scheduled_hold,0,0,0,0,0,0
K-0134,manual_review,0,0,0,1,1,1
K-0135,manual_review,0,0,0,0,0,0
K-0136,scheduled_hold,0,0,0,0,1,0
K-0137,manual_review,0,0,0,1,0,1
K-0138,scheduled_hold,0,0,0,0,1,0
K-0139,scheduled_hold,0,0,0,0,1,0
K-0140,manual_review,0,0,0,1,0,1
K-0141,manual_review,0,0,0,0,1,0
K-0142,manual_review,0,0,0,0,0,0
K-0143,transient_display,0,0,0,0,1,0
K-0144,scheduled_hold,0,0,0,0,0,0
K-0145,manual_review,0,0,0,0,0,0
K-0146,scheduled_hold,0,0,0,0,0,0
K-0147,manual_review,0,0,0,0,0,0
K-0148,manual_review,0,0,0,0,0,0
K-0149,scheduled_hold,0,0,0,0,0,0
K-0150,manual_review,0,0,1,0,1,1
K-0151,manual_review,0,0,1,0,0,1
K-0152,scheduled_hold,0,0,0,0,0,0
K-0153,transient_display,0,1,0,0,0,1
K-0154,scheduled_hold,0,0,0,0,1,0
K-0155,transient_display,1,0,0,0,0,1
K-0156,transient_display,0,0,0,0,0,0
K-0157,scheduled_hold,0,0,0,0,0,0
K-0158,manual_review,1,0,0,0,0,1
K-0159,scheduled_hold,0,0,0,0,1,0
K-0160,scheduled_hold,0,0,0,0,1,0
K-0161,scheduled_hold,0,0,0,0,0,0
K-0162,transient_display,0,0,0,0,0,0
K-0163,manual_review,0,0,0,0,0,0
K-0164,transient_display,1,0,0,0,0,1
K-0165,scheduled_hold,0,0,0,0,0,0
K-0166,scheduled_hold,0,1,1,0,1,1
K-0167,manual_review,0,0,0,0,1,0
K-0168,scheduled_hold,0,0,0,0,1,0
K-0169,transient_display,0,0,0,0,0,0
K-0170,manual_review,0,0,0,0,0,0
K-0171,manual_review,0,0,0,0,0,0
K-0172,scheduled_hold,0,0,0,0,0,0
K-0173,manual_review,0,0,0,1,0,1
K-0174,scheduled_hold,0,0,0,0,0,0
K-0175,manual_review,0,1,0,0,1,1
K-0176,manual_review,0,0,0,0,1,0
K-0177,scheduled_hold,0,0,0,0,0,0
K-0178,scheduled_hold,0,0,0,0,1,0
K-0179,manual_review,1,0,0,0,1,1
K-0180,scheduled_hold,0,0,0,0,0,0
K-0181,transient_display,1,1,0,0,1,1
K-0182,scheduled_hold,1,0,0,0,1,1
K-0183,scheduled_hold,0,0,0,0,0,0
K-0184,scheduled_hold,0,0,0,0,0,0
K-0185,manual_review,0,0,1,0,1,1
K-0186,scheduled_hold,0,0,0,0,0,0
K-0187,scheduled_hold,0,0,0,0,0,0
K-0188,manual_review,0,0,0,0,0,0
K-0189,scheduled_hold,0,0,0,0,0,0
K-0190,scheduled_hold,0,0,0,0,0,0
K-0191,manual_review,0,0,1,1,0,1
K-0192,scheduled_hold,0,0,0,0,0,0
K-0193,scheduled_hold,0,0,0,0,0,0
K-0194,transient_display,0,0,0,0,0,0
K-0195,scheduled_hold,0,0,0,0,0,0
K-0196,manual_review,0,0,0,0,1,0
K-0197,scheduled_hold,0,0,0,0,0,0
K-0198,manual_review,0,1,0,0,1,1
K-0199,scheduled_hold,0,0,0,0,0,0
K-0200,scheduled_hold,0,1,0,0,2,1
K-0201,manual_review,1,0,0,0,0,1
K-0202,manual_review,0,1,0,0,1,1
K-0203,scheduled_hold,0,0,0,0,0,0
K-0204,scheduled_hold,0,0,0,0,0,0
K-0205,transient_display,0,1,0,0,0,1
K-0206,scheduled_hold,0,0,0,1,1,1
K-0207,scheduled_hold,0,0,0,0,1,0
K-0208,scheduled_hold,0,0,0,0,0,0
K-0209,manual_review,0,1,0,1,0,1
K-0210,scheduled_hold,0,0,0,0,0,0
K-0211,transient_display,0,1,0,0,0,1
K-0212,scheduled_hold,0,0,0,0,1,0
K-0213,manual_review,0,0,0,0,0,0
K-0214,transient_display,0,0,1,0,2,1
K-0215,scheduled_hold,0,0,0,0,1,0
K-0216,scheduled_hold,0,0,0,0,0,0
K-0217,manual_review,0,0,0,0,0,0
K-0218,scheduled_hold,0,0,0,0,0,0
K-0219,scheduled_hold,0,0,0,0,0,0
K-0220,scheduled_hold,0,0,0,0,1,0
K-0221,scheduled_hold,0,0,0,0,0,0
K-0222,transient_display,1,0,1,0,2,1
K-0223,manual_review,0,0,0,0,0,0
K-0224,scheduled_hold,0,0,0,0,0,0
K-0225,manual_review,0,0,0,0,0,0
K-0226,scheduled_hold,0,0,0,0,0,0
K-0227,scheduled_hold,0,0,0,0,1,0
K-0228,scheduled_hold,0,0,0,0,0,0
K-0229,manual_review,0,0,0,0,0,0
K-0230,scheduled_hold,0,0,0,0,0,0
K-0231,manual_review,0,0,0,0,0,0
K-0232,transient_display,0,0,0,0,0,0
K-0233,manual_review,0,0,0,0,0,0
K-0234,manual_review,0,0,0,0,0,0
K-0235,scheduled_hold,0,0,0,0,0,0
K-0236,manual_review,1,0,0,0,0,1
K-0237,scheduled_hold,0,0,0,0,0,0
K-0238,scheduled_hold,0,0,0,0,0,0
K-0239,scheduled_hold,0,0,0,0,1,0
K-0240,scheduled_hold,0,0,1,0,1,1
K-0241,manual_review,0,0,0,0,1,0
K-0242,manual_review,0,0,0,0,0,0
K-0243,manual_review,1,0,0,0,2,1
K-0244,manual_review,0,1,0,0,1,1
K-0245,scheduled_hold,0,1,0,0,2,1
K-0246,scheduled_hold,0,0,0,0,0,0
K-0247,scheduled_hold,0,0,0,0,0,0
K-0248,manual_review,0,0,0,0,1,0
K-0249,scheduled_hold,0,0,0,0,0,0
K-0250,manual_review,0,0,0,0,0,0
K-0251,manual_review,0,1,1,0,0,1
K-0252,scheduled_hold,0,0,0,0,0,0
K-0253,transient_display,1,0,0,1,1,1
K-0254,manual_review,0,1,0,0,0,1
K-0255,transient_display,1,0,0,1,1,1
K-0256,scheduled_hold,0,0,0,0,1,0
K-0257,transient_display,1,0,0,0,0,1
K-0258,scheduled_hold,0,0,0,0,0,0
K-0259,manual_review,0,1,0,0,1,1
K-0260,manual_review,0,0,0,0,0,0
K-0261,manual_review,0,1,0,0,1,1
K-0262,manual_review,0,0,0,0,0,0
K-0263,manual_review,0,0,0,1,1,1
K-0264,scheduled_hold,0,0,0,0,0,0
K-0265,manual_review,0,0,0,0,0,0
K-0266,scheduled_hold,0,0,0,0,0,0
K-0267,manual_review,0,1,0,0,1,1
K-0268,scheduled_hold,0,0,0,0,0,0
K-0269,scheduled_hold,0,0,0,0,0,0
K-0270,manual_review,0,0,1,0,1,1
K-0271,scheduled_hold,0,0,0,0,0,0
K-0272,manual_review,0,0,0,1,1,1
K-0273,scheduled_hold,0,0,0,0,0,0
K-0274,manual_review,0,1,0,1,0,1
K-0275,scheduled_hold,0,0,0,0,1,0
K-0276,scheduled_hold,0,0,0,0,0,0
K-0277,scheduled_hold,1,0,0,0,0,1
K-0278,scheduled_hold,0,0,0,0,0,0
K-0279,manual_review,0,0,1,1,0,1
K-0280,scheduled_hold,0,0,0,0,0,0
K-0281,scheduled_hold,0,0,0,0,0,0
K-0282,manual_review,0,0,0,0,1,0
K-0283,scheduled_hold,0,0,0,0,0,0
K-0284,manual_review,0,0,0,0,1,0
K-0285,manual_review,0,1,0,0,0,1
K-0286,scheduled_hold,0,0,0,0,1,0
K-0287,scheduled_hold,0,0,0,0,0,0
K-0288,scheduled_hold,0,0,0,0,0,0
K-0289,manual_review,0,0,0,0,0,0
K-0290,scheduled_hold,0,0,0,0,0,0
K-0291,manual_review,0,0,0,0,0,0
K-0292,scheduled_hold,0,0,0,0,1,0
K-0293,manual_review,0,1,0,0,2,1
K-0294,scheduled_hold,0,0,0,0,0,0
K-0295,scheduled_hold,0,0,0,0,0,0
K-0296,scheduled_hold,0,0,0,0,0,0
K-0297,scheduled_hold,0,0,0,0,0,0
K-0298,scheduled_hold,0,0,0,0,1,0
K-0299,scheduled_hold,0,0,0,0,0,0
K-0300,manual_review,0,0,0,0,0,0
K-0301,scheduled_hold,0,0,0,0,0,0
K-0302,manual_review,1,0,0,0,1,1
K-0303,scheduled_hold,0,0,0,0,0,0
K-0304,manual_review,0,0,1,0,1,1
K-0305,scheduled_hold,0,0,0,0,0,0
K-0306,transient_display,1,0,0,0,0,1
K-0307,scheduled_hold,0,0,0,0,0,0
K-0308,scheduled_hold,0,0,0,0,2,0
K-0309,manual_review,0,0,0,0,0,0
K-0310,manual_review,0,0,0,0,0,0
K-0311,transient_display,0,0,0,0,0,0
K-0312,transient_display,1,0,0,0,1,1
K-0313,manual_review,0,0,1,0,1,1
K-0314,scheduled_hold,0,0,0,0,0,0
K-0315,scheduled_hold,0,0,1,0,0,1
K-0316,manual_review,0,0,0,0,0,0
K-0317,scheduled_hold,0,0,0,0,0,0
K-0318,manual_review,1,0,0,1,1,1
K-0319,manual_review,0,0,0,0,0,0
K-0320,scheduled_hold,0,0,0,0,0,0
K-0321,manual_review,0,0,0,1,1,1
K-0322,scheduled_hold,0,0,0,0,0,0
K-0323,scheduled_hold,0,0,0,0,0,0
K-0324,scheduled_hold,0,0,0,0,0,0
K-0325,manual_review,0,0,0,1,0,1
K-0326,manual_review,0,1,0,1,1,1
K-0327,scheduled_hold,0,0,0,0,1,0
K-0328,manual_review,1,0,0,0,1,1
K-0329,manual_review,0,0,0,0,1,0
K-0330,scheduled_hold,0,0,0,0,0,0
K-0331,transient_display,0,0,0,0,0,0
K-0332,manual_review,0,1,0,0,1,1
K-0333,scheduled_hold,0,0,0,0,1,0
K-0334,scheduled_hold,0,0,0,0,0,0
K-0335,scheduled_hold,0,0,0,0,1,0
K-0336,manual_review,0,1,0,0,1,1
K-0337,scheduled_hold,0,0,0,0,0,0
K-0338,scheduled_hold,0,0,0,0,0,0
K-0339,transient_display,0,0,0,0,1,0
K-0340,scheduled_hold,0,0,0,0,1,0
K-0341,transient_display,0,0,0,1,1,1
K-0342,scheduled_hold,0,0,0,0,0,0
K-0343,manual_review,0,1,0,0,1,1
K-0344,scheduled_hold,0,0,0,0,0,0
K-0345,manual_review,0,0,0,0,0,0
K-0346,transient_display,1,0,0,0,0,1
K-0347,manual_review,0,0,0,0,1,0
K-0348,scheduled_hold,0,0,0,0,0,0
K-0349,transient_display,0,0,0,0,0,0
K-0350,manual_review,0,0,0,0,0,0
K-0351,scheduled_hold,0,1,0,0,1,1
K-0352,scheduled_hold,0,0,0,0,1,0
K-0353,scheduled_hold,0,0,0,0,0,0
K-0354,scheduled_hold,0,0,0,0,0,0
K-0355,scheduled_hold,0,0,0,0,0,0
K-0356,scheduled_hold,0,0,0,0,0,0
K-0357,manual_review,1,1,0,0,0,1
K-0358,manual_review,0,0,0,1,1,1
K-0359,scheduled_hold,0,0,0,0,0,0
K-0360,scheduled_hold,0,0,1,0,1,1
K-0361,manual_review,0,0,0,0,0,0
K-0362,scheduled_hold,0,0,0,0,0,0
K-0363,scheduled_hold,0,0,0,0,1,0
K-0364,manual_review,0,0,0,0,0,0
K-0365,transient_display,0,0,0,0,0,0
K-0366,scheduled_hold,0,0,0,0,0,0
K-0367,scheduled_hold,0,0,0,0,0,0
K-0368,scheduled_hold,0,0,0,0,1,0
K-0369,scheduled_hold,0,0,0,0,1,0
K-0370,transient_display,0,0,0,0,1,0
K-0371,scheduled_hold,0,1,0,0,0,1
K-0372,manual_review,0,0,0,0,1,0
K-0373,scheduled_hold,0,0,0,0,0,0
K-0374,manual_review,0,0,0,1,0,1
K-0375,scheduled_hold,0,0,0,0,0,0
K-0376,scheduled_hold,0,0,0,0,0,0
K-0377,scheduled_hold,0,0,0,0,0,0
K-0378,scheduled_hold,0,0,0,0,0,0
K-0379,scheduled_hold,0,0,0,0,0,0
K-0380,scheduled_hold,0,0,1,0,1,1
K-0381,manual_review,0,0,0,0,0,0
K-0382,scheduled_hold,0,0,0,0,0,0
K-0383,transient_display,1,0,0,0,1,1
K-0384,transient_display,1,0,0,0,0,1
K-0385,scheduled_hold,0,0,0,0,2,0
K-0386,manual_review,0,0,1,0,1,1
K-0387,scheduled_hold,0,0,0,0,0,0
K-0388,manual_review,0,0,0,0,0,0
K-0389,scheduled_hold,0,0,0,0,0,0
K-0390,scheduled_hold,0,0,0,0,1,0
K-0391,manual_review,0,0,0,0,0,0
K-0392,manual_review,0,0,0,0,1,0
K-0393,manual_review,1,0,0,1,1,1
K-0394,scheduled_hold,0,0,0,0,1,0
K-0395,manual_review,0,0,0,0,0,0
K-0396,scheduled_hold,0,0,0,0,0,0
K-0397,scheduled_hold,0,0,0,0,0,0
K-0398,transient_display,1,0,0,0,1,1
K-0399,scheduled_hold,0,0,0,0,1,0
K-0400,manual_review,1,0,0,0,1,1
K-0401,manual_review,0,0,0,1,0,1
K-0402,scheduled_hold,0,0,0,0,1,0
K-0403,scheduled_hold,0,0,0,0,0,0
K-0404,scheduled_hold,0,0,0,0,0,0
K-0405,scheduled_hold,0,0,0,0,0,0
K-0406,manual_review,0,1,1,0,0,1
K-0407,manual_review,0,0,0,0,2,0
K-0408,manual_review,0,0,0,0,0,0
K-0409,scheduled_hold,0,0,0,0,0,0
K-0410,scheduled_hold,0,0,0,0,0,0
K-0411,manual_review,0,0,0,0,0,0
K-0412,scheduled_hold,0,0,0,0,0,0
K-0413,manual_review,0,0,0,0,0,0
K-0414,manual_review,0,0,1,0,0,1
K-0415,scheduled_hold,0,0,0,0,1,0
K-0416,manual_review,0,1,0,0,1,1
K-0417,manual_review,0,0,1,1,1,1
K-0418,manual_review,0,0,0,0,0,0
K-0419,scheduled_hold,0,0,0,1,0,1
K-0420,scheduled_hold,0,0,0,0,0,0
K-0421,scheduled_hold,0,0,0,0,0,0
K-0422,scheduled_hold,0,0,0,0,0,0
K-0423,scheduled_hold,0,0,0,0,0,0
K-0424,scheduled_hold,0,0,0,0,0,0
K-0425,transient_display,0,1,0,0,0,1
K-0426,manual_review,0,0,1,1,0,1
K-0427,scheduled_hold,0,0,0,0,0,0
K-0428,scheduled_hold,0,0,0,0,0,0
K-0429,scheduled_hold,0,0,0,0,0,0
K-0430,manual_review,0,0,0,0,0,0
K-0431,transient_display,0,0,0,0,1,0
K-0432,scheduled_hold,0,0,0,0,0,0
K-0433,scheduled_hold,0,0,1,0,0,1
K-0434,scheduled_hold,0,0,0,0,0,0
K-0435,scheduled_hold,0,0,0,0,0,0
K-0436,scheduled_hold,0,0,0,0,0,0
K-0437,scheduled_hold,0,0,0,0,0,0
K-0438,manual_review,1,0,0,0,1,1
K-0439,scheduled_hold,0,0,0,0,0,0
K-0440,scheduled_hold,0,0,0,0,1,0
K-0441,manual_review,0,0,1,0,0,1
K-0442,manual_review,0,0,0,1,1,1
K-0443,manual_review,1,0,0,0,1,1
K-0444,manual_review,0,0,0,0,0,0
K-0445,scheduled_hold,0,0,0,0,0,0
K-0446,transient_display,0,0,0,1,0,1
K-0447,scheduled_hold,0,0,0,0,0,0
K-0448,scheduled_hold,0,0,0,0,0,0
K-0449,scheduled_hold,0,0,0,0,1,0
K-0450,scheduled_hold,0,0,0,0,0,0
K-0451,scheduled_hold,0,0,0,0,1,0
K-0452,transient_display,0,0,0,1,1,1
K-0453,manual_review,0,1,0,0,1,1
K-0454,scheduled_hold,0,0,0,1,1,1
K-0455,manual_review,0,0,0,0,0,0
K-0456,scheduled_hold,0,0,0,0,0,0
K-0457,scheduled_hold,0,0,0,0,0,0
K-0458,scheduled_hold,0,0,0,0,0,0
K-0459,scheduled_hold,0,0,0,0,0,0
K-0460,scheduled_hold,0,0,0,0,0,0
K-0461,scheduled_hold,0,0,0,0,1,0
K-0462,manual_review,0,1,0,0,1,1
K-0463,scheduled_hold,0,0,0,0,0,0
K-0464,scheduled_hold,0,0,0,0,0,0
K-0465,manual_review,0,0,0,0,0,0
K-0466,scheduled_hold,0,0,0,1,1,1
K-0467,scheduled_hold,0,0,0,0,0,0
K-0468,scheduled_hold,0,0,0,1,1,1
K-0469,scheduled_hold,0,0,0,0,0,0
K-0470,manual_review,0,0,0,0,0,0
K-0471,scheduled_hold,0,0,0,0,0,0
K-0472,scheduled_hold,0,0,1,0,2,1
K-0473,scheduled_hold,0,0,0,0,0,0
K-0474,manual_review,0,0,0,0,0,0
K-0475,scheduled_hold,0,0,0,0,0,0
K-0476,scheduled_hold,0,0,0,0,1,0
K-0477,manual_review,0,0,0,0,0,0
K-0478,transient_display,0,0,1,0,0,1
K-0479,manual_review,0,0,0,1,0,1
K-0480,transient_display,0,0,1,0,0,1
K-0481,transient_display,0,0,0,0,0,0
K-0482,manual_review,0,0,0,1,0,1
K-0483,scheduled_hold,0,0,0,0,0,0
K-0484,scheduled_hold,0,0,0,0,1,0
K-0485,transient_display,0,0,0,0,0,0
K-0486,manual_review,0,1,0,0,1,1
K-0487,manual_review,0,0,0,1,0,1
K-0488,scheduled_hold,0,0,0,0,1,0
K-0489,scheduled_hold,0,0,0,0,0,0
K-0490,manual_review,0,0,0,0,0,0
K-0491,scheduled_hold,0,0,0,0,0,0
K-0492,manual_review,0,0,0,0,0,0
K-0493,scheduled_hold,1,1,0,0,0,1
K-0494,manual_review,0,0,0,0,1,0
K-0495,scheduled_hold,0,0,0,0,1,0
K-0496,manual_review,0,0,0,1,0,1
K-0497,scheduled_hold,0,0,0,0,1,0
K-0498,manual_review,0,0,0,0,0,0
K-0499,transient_display,1,0,1,0,0,1
K-0500,scheduled_hold,0,0,0,0,1,0
K-0501,manual_review,0,0,0,0,0,0
K-0502,scheduled_hold,0,1,0,0,0,1
K-0503,scheduled_hold,0,0,0,0,0,0
K-0504,scheduled_hold,0,0,0,0,1,0
K-0505,manual_review,0,0,0,0,0,0
K-0506,scheduled_hold,0,0,0,0,2,0
K-0507,manual_review,0,0,1,0,1,1
K-0508,transient_display,1,0,1,0,2,1
K-0509,scheduled_hold,0,0,0,0,0,0
K-0510,scheduled_hold,0,0,0,1,1,1
K-0511,scheduled_hold,0,0,0,0,0,0
K-0512,manual_review,0,0,0,0,1,0
K-0513,scheduled_hold,0,0,0,0,1,0
K-0514,manual_review,0,0,0,0,0,0
K-0515,scheduled_hold,0,0,0,0,0,0
K-0516,manual_review,0,0,0,1,0,1
K-0517,scheduled_hold,0,0,0,0,0,0
K-0518,manual_review,0,0,0,1,0,1
K-0519,scheduled_hold,0,0,0,0,0,0
K-0520,transient_display,0,0,0,0,0,0
K-0521,scheduled_hold,0,0,0,0,0,0
K-0522,scheduled_hold,0,0,0,0,1,0
K-0523,scheduled_hold,0,0,0,0,1,0
K-0524,scheduled_hold,1,0,0,0,0,1
K-0525,scheduled_hold,0,0,0,0,0,0
K-0526,transient_display,0,0,0,1,0,1
K-0527,manual_review,1,0,0,0,0,1
K-0528,manual_review,0,0,0,1,1,1
K-0529,scheduled_hold,0,0,0,0,0,0
K-0530,manual_review,0,0,0,0,1,0
K-0531,scheduled_hold,0,0,0,0,0,0
K-0532,scheduled_hold,0,0,0,0,0,0
K-0533,scheduled_hold,0,1,0,0,1,1
K-0534,transient_display,1,0,0,0,2,1
K-0535,manual_review,0,0,0,0,0,0
K-0536,manual_review,0,0,0,0,0,0
K-0537,scheduled_hold,0,0,0,0,1,0
K-0538,scheduled_hold,0,0,0,0,1,0
K-0539,manual_review,0,0,0,0,0,0
K-0540,scheduled_hold,0,0,0,0,0,0
K-0541,transient_display,0,0,0,0,0,0
K-0542,manual_review,0,0,0,0,0,0
K-0543,scheduled_hold,0,0,0,0,0,0
K-0544,manual_review,1,0,0,0,0,1
K-0545,scheduled_hold,0,0,0,0,0,0
K-0546,scheduled_hold,0,0,0,0,0,0
K-0547,manual_review,0,1,0,0,0,1
K-0548,scheduled_hold,0,0,0,0,1,0
K-0549,transient_display,0,0,0,0,0,0
K-0550,manual_review,0,0,1,1,1,1
K-0551,manual_review,0,0,0,0,0,0
K-0552,scheduled_hold,0,0,0,0,1,0
K-0553,manual_review,0,1,0,0,1,1
K-0554,scheduled_hold,0,0,0,0,0,0
K-0555,manual_review,0,0,0,0,0,0
K-0556,scheduled_hold,0,0,0,0,0,0
K-0557,scheduled_hold,0,0,0,0,0,0
K-0558,scheduled_hold,0,0,0,0,0,0
K-0559,scheduled_hold,0,0,0,0,0,0
K-0560,manual_review,0,0,0,0,0,0
K-0561,manual_review,0,0,0,0,0,0
K-0562,manual_review,0,0,0,0,0,0
K-0563,scheduled_hold,0,0,0,0,0,0
K-0564,scheduled_hold,0,0,0,0,1,0
K-0565,manual_review,0,0,0,0,1,0
K-0566,scheduled_hold,0,0,0,0,0,0
K-0567,transient_display,0,0,1,1,0,1
K-0568,scheduled_hold,0,0,0,0,0,0
K-0569,scheduled_hold,0,0,0,0,1,0
K-0570,manual_review,0,0,0,1,1,1
K-0571,scheduled_hold,0,0,0,0,0,0
K-0572,transient_display,0,0,0,0,0,0
K-0573,manual_review,0,1,0,1,2,1
K-0574,manual_review,0,1,0,0,0,1
K-0575,scheduled_hold,0,0,0,0,0,0
K-0576,manual_review,0,1,0,0,1,1
K-0577,manual_review,0,0,1,0,0,1
K-0578,manual_review,0,0,0,0,0,0
K-0579,scheduled_hold,0,0,0,0,0,0
K-0580,scheduled_hold,0,0,0,0,0,0
K-0581,scheduled_hold,0,0,0,0,0,0
K-0582,scheduled_hold,0,0,0,0,0,0
K-0583,manual_review,0,0,1,0,1,1
K-0584,transient_display,0,0,0,0,0,0
K-0585,manual_review,1,1,0,0,1,1
K-0586,manual_review,0,0,1,0,0,1
K-0587,manual_review,0,1,0,0,1,1
K-0588,scheduled_hold,0,0,0,0,0,0
K-0589,scheduled_hold,0,0,0,0,1,0
K-0590,scheduled_hold,0,0,0,0,0,0
K-0591,transient_display,0,0,0,1,1,1
K-0592,scheduled_hold,0,0,0,0,0,0
K-0593,scheduled_hold,0,0,0,0,0,0
K-0594,manual_review,0,0,0,0,0,0
K-0595,manual_review,0,0,0,0,0,0
K-0596,scheduled_hold,0,0,0,0,1,0
K-0597,scheduled_hold,0,0,0,1,0,1
K-0598,manual_review,0,0,0,0,1,0
K-0599,manual_review,0,0,0,1,0,1
K-0600,scheduled_hold,0,0,0,0,0,0
K-0601,scheduled_hold,0,0,0,0,0,0
K-0602,manual_review,0,0,0,0,0,0
K-0603,manual_review,1,0,0,0,1,1
K-0604,manual_review,0,0,0,0,0,0
K-0605,scheduled_hold,0,0,0,0,0,0
K-0606,scheduled_hold,0,0,0,0,0,0
K-0607,manual_review,0,0,0,0,0,0
K-0608,scheduled_hold,0,0,0,0,0,0
K-0609,manual_review,0,0,0,0,0,0
K-0610,manual_review,0,0,0,0,0,0
K-0611,scheduled_hold,0,0,0,0,1,0
K-0612,transient_display,0,0,0,0,0,0
K-0613,scheduled_hold,0,0,1,1,0,1
K-0614,manual_review,0,0,0,0,0,0
K-0615,scheduled_hold,0,0,0,0,1,0
K-0616,scheduled_hold,0,0,0,0,1,0
K-0617,transient_display,0,1,0,0,0,1
K-0618,transient_display,0,0,0,0,0,0
K-0619,transient_display,0,0,0,0,0,0
K-0620,manual_review,0,0,0,0,0,0
K-0621,manual_review,0,1,0,0,2,1
K-0622,scheduled_hold,0,0,0,0,1,0
K-0623,scheduled_hold,0,0,0,0,0,0
K-0624,manual_review,0,1,1,0,1,1
K-0625,scheduled_hold,0,0,0,0,0,0
K-0626,manual_review,0,0,0,1,1,1
K-0627,manual_review,0,0,0,0,0,0
K-0628,manual_review,0,0,0,1,1,1
K-0629,scheduled_hold,0,0,0,0,1,0
K-0630,scheduled_hold,0,0,0,0,1,0
K-0631,scheduled_hold,0,0,0,0,0,0
K-0632,manual_review,0,1,0,0,1,1
K-0633,manual_review,1,0,0,1,0,1
K-0634,scheduled_hold,0,0,0,0,0,0
K-0635,scheduled_hold,0,0,0,0,0,0
K-0636,manual_review,0,1,0,0,1,1
K-0637,transient_display,0,0,0,0,0,0
K-0638,scheduled_hold,0,0,0,0,0,0
K-0639,scheduled_hold,0,0,0,0,0,0
K-0640,scheduled_hold,0,0,0,0,0,0
K-0641,transient_display,0,0,0,0,0,0
K-0642,manual_review,0,0,0,0,0,0
K-0643,manual_review,0,0,0,0,1,0
K-0644,manual_review,0,0,0,0,0,0
K-0645,manual_review,1,0,0,0,0,1
K-0646,transient_display,1,0,0,0,1,1
K-0647,manual_review,0,0,1,0,1,1
K-0648,manual_review,0,0,1,0,0,1
K-0649,scheduled_hold,0,0,0,0,1,0
K-0650,manual_review,0,0,0,0,0,0
K-0651,scheduled_hold,0,0,0,0,0,0
K-0652,transient_display,0,0,0,0,0,0
K-0653,manual_review,0,0,0,0,0,0
K-0654,scheduled_hold,0,0,0,0,0,0
K-0655,scheduled_hold,0,0,0,0,1,0
K-0656,scheduled_hold,0,0,0,0,1,0
K-0657,scheduled_hold,0,0,0,0,1,0
K-0658,transient_display,0,0,0,0,0,0
K-0659,scheduled_hold,0,0,0,0,1,0
K-0660,transient_display,0,0,0,0,0,0
K-0661,manual_review,0,0,0,0,0,0
K-0662,scheduled_hold,0,0,0,0,0,0
K-0663,scheduled_hold,0,0,1,0,0,1
K-0664,transient_display,0,0,0,0,0,0
K-0665,transient_display,0,0,0,0,1,0
K-0666,scheduled_hold,0,0,0,0,1,0
K-0667,scheduled_hold,0,0,0,0,0,0
K-0668,scheduled_hold,0,0,0,0,0,0
K-0669,manual_review,0,0,0,0,0,0
K-0670,scheduled_hold,0,0,0,0,0,0
K-0671,scheduled_hold,0,0,0,0,0,0
K-0672,manual_review,0,1,0,0,0,1
K-0673,transient_display,0,0,0,0,1,0
K-0674,transient_display,0,0,0,0,0,0
K-0675,scheduled_hold,0,1,1,0,0,1
K-0676,scheduled_hold,0,0,1,0,0,1
K-0677,scheduled_hold,0,0,0,0,0,0
K-0678,manual_review,1,0,0,0,0,1
K-0679,manual_review,0,0,0,0,0,0
K-0680,manual_review,0,0,0,0,0,0
K-0681,manual_review,0,0,0,0,0,0
K-0682,scheduled_hold,0,1,0,0,0,1
K-0683,manual_review,0,0,1,1,0,1
K-0684,scheduled_hold,0,0,0,0,0,0
K-0685,scheduled_hold,0,0,0,0,0,0
K-0686,manual_review,0,1,0,0,1,1
K-0687,scheduled_hold,0,0,0,0,0,0
K-0688,manual_review,0,0,0,0,0,0
K-0689,scheduled_hold,0,0,0,0,0,0
K-0690,scheduled_hold,0,0,0,0,0,0
K-0691,scheduled_hold,0,0,0,0,0,0
K-0692,manual_review,0,0,0,0,0,0
K-0693,scheduled_hold,0,0,0,0,0,0
K-0694,scheduled_hold,0,0,0,0,0,0
K-0695,manual_review,0,0,0,0,0,0
K-0696,scheduled_hold,0,0,0,0,0,0
K-0697,manual_review,1,0,0,0,1,1
K-0698,scheduled_hold,0,0,0,1,2,1
K-0699,manual_review,0,0,0,1,2,1
K-0700,scheduled_hold,0,0,0,0,0,0
K-0701,manual_review,0,0,1,0,2,1
K-0702,manual_review,0,0,0,0,1,0
K-0703,scheduled_hold,0,0,0,0,0,0
K-0704,scheduled_hold,0,0,0,0,0,0
K-0705,scheduled_hold,0,0,0,0,0,0
K-0706,manual_review,0,0,0,0,1,0
K-0707,scheduled_hold,0,0,0,0,0,0
K-0708,manual_review,1,0,0,0,0,1
K-0709,manual_review,0,0,0,0,0,0
K-0710,scheduled_hold,0,0,0,0,0,0
K-0711,scheduled_hold,0,0,0,0,0,0
K-0712,manual_review,0,1,0,0,1,1
K-0713,scheduled_hold,0,0,0,0,0,0
K-0714,scheduled_hold,0,0,0,0,0,0
K-0715,manual_review,0,0,0,0,0,0
K-0716,scheduled_hold,0,0,0,0,1,0
K-0717,transient_display,0,0,0,0,0,0
K-0718,scheduled_hold,0,0,0,0,0,0
K-0719,transient_display,0,1,0,0,2,1
K-0720,scheduled_hold,0,0,0,0,0,0
K-0721,manual_review,0,0,0,1,0,1
K-0722,scheduled_hold,0,0,0,1,1,1
K-0723,transient_display,0,1,0,0,1,1
K-0724,scheduled_hold,0,0,0,0,0,0
K-0725,scheduled_hold,1,0,0,0,2,1
K-0726,scheduled_hold,0,0,0,0,1,0
K-0727,scheduled_hold,0,0,1,0,1,1
K-0728,scheduled_hold,0,0,0,0,0,0
K-0729,manual_review,0,1,0,0,0,1
K-0730,transient_display,1,0,0,0,1,1
K-0731,manual_review,0,0,0,1,0,1
K-0732,manual_review,0,1,0,0,2,1
K-0733,scheduled_hold,0,0,0,1,1,1
K-0734,scheduled_hold,0,0,0,0,0,0
K-0735,manual_review,0,1,0,0,0,1
K-0736,scheduled_hold,0,0,0,0,0,0
K-0737,scheduled_hold,0,0,0,0,0,0
K-0738,scheduled_hold,0,0,0,0,1,0
K-0739,manual_review,0,1,0,1,1,1
K-0740,manual_review,0,0,0,1,1,1
K-0741,scheduled_hold,0,0,0,0,0,0
K-0742,scheduled_hold,0,0,0,0,0,0
K-0743,scheduled_hold,0,0,0,0,0,0
K-0744,manual_review,0,0,0,0,0,0
K-0745,manual_review,0,0,1,1,1,1
K-0746,manual_review,0,0,0,0,0,0
K-0747,scheduled_hold,0,0,0,0,0,0
K-0748,scheduled_hold,0,0,0,0,1,0
K-0749,manual_review,0,0,1,0,0,1
K-0750,transient_display,0,0,0,0,0,0
K-0751,scheduled_hold,0,0,0,0,0,0
K-0752,scheduled_hold,0,0,0,0,1,0
K-0753,manual_review,0,0,0,0,0,0
K-0754,scheduled_hold,0,0,0,0,0,0
K-0755,scheduled_hold,0,0,0,0,0,0
K-0756,scheduled_hold,0,0,0,0,0,0
K-0757,manual_review,0,0,0,0,0,0
K-0758,scheduled_hold,0,0,0,0,0,0
K-0759,manual_review,0,0,0,0,1,0
K-0760,scheduled_hold,0,0,0,0,0,0
K-0761,scheduled_hold,0,0,0,0,1,0
K-0762,manual_review,0,1,0,0,2,1
K-0763,scheduled_hold,0,0,0,0,1,0
K-0764,manual_review,0,0,0,0,1,0
K-0765,manual_review,0,0,1,0,0,1
K-0766,manual_review,0,0,0,0,0,0
K-0767,scheduled_hold,0,0,0,0,0,0
K-0768,manual_review,1,0,0,0,2,1
K-0769,scheduled_hold,0,0,0,0,0,0
K-0770,scheduled_hold,0,0,0,0,0,0
K-0771,scheduled_hold,0,0,0,0,1,0
K-0772,manual_review,0,0,0,0,0,0
K-0773,scheduled_hold,0,0,0,0,0,0
K-0774,manual_review,0,0,1,0,1,1
K-0775,scheduled_hold,0,0,0,0,0,0
K-0776,scheduled_hold,0,0,0,0,0,0
K-0777,manual_review,0,0,0,0,0,0
K-0778,manual_review,0,0,0,0,0,0
K-0779,manual_review,0,0,0,1,2,1
K-0780,manual_review,0,0,0,0,0,0
K-0781,manual_review,0,0,0,0,1,0
K-0782,manual_review,0,1,0,0,1,1
K-0783,scheduled_hold,0,0,0,0,0,0
K-0784,scheduled_hold,0,0,0,0,0,0
K-0785,scheduled_hold,0,0,0,0,0,0
K-0786,scheduled_hold,0,0,0,0,0,0
K-0787,scheduled_hold,0,0,0,0,0,0
K-0788,manual_review,1,0,0,0,2,1
K-0789,manual_review,0,0,0,0,0,0
K-0790,manual_review,0,0,0,0,0,0
K-0791,scheduled_hold,0,0,0,0,0,0
K-0792,manual_review,0,0,0,0,1,0
K-0793,manual_review,0,0,0,0,0,0
K-0794,manual_review,0,1,0,0,1,1
K-0795,scheduled_hold,0,0,0,0,0,0
K-0796,manual_review,0,0,0,0,0,0
K-0797,manual_review,1,0,1,0,1,1
K-0798,scheduled_hold,0,0,0,0,0,0
K-0799,manual_review,1,0,0,0,1,1
K-0800,scheduled_hold,0,0,0,0,1,0
